Date,Region,Channel,Display name,Source type,Referred views
2013-12-12,AR,E0TThG2eZvlwKu738tvbSg,ledas07,YT_SEARCH,2
2013-12-13,FR,E0TThG2eZvlwKu738tvbSg,ledas07,NO_LINK_OTHER,1
2013-12-14,MX,E0TThG2eZvlwKu738tvbSg,ledas07,YT_SEARCH,1
2013-12-15,AR,E0TThG2eZvlwKu738tvbSg,ledas07,YT_SEARCH,1
2013-12-15,FR,E0TThG2eZvlwKu738tvbSg,ledas07,NO_LINK_OTHER,1
2013-12-15,FR,E0TThG2eZvlwKu738tvbSg,ledas07,YT_SEARCH,1
2013-12-15,MX,E0TThG2eZvlwKu738tvbSg,ledas07,NO_LINK_OTHER,1
2013-12-16,PE,E0TThG2eZvlwKu738tvbSg,ledas07,YT_SEARCH,1
2013-12-17,AR,E0TThG2eZvlwKu738tvbSg,ledas07,YT_SEARCH,1
2013-12-18,ES,E0TThG2eZvlwKu738tvbSg,ledas07,YT_SEARCH,1
2013-12-24,AR,E0TThG2eZvlwKu738tvbSg,ledas07,YT_SEARCH,1
2013-12-26,AR,E0TThG2eZvlwKu738tvbSg,ledas07,NO_LINK_OTHER,1
2013-12-31,NL,E0TThG2eZvlwKu738tvbSg,ledas07,YT_SEARCH,1
2014-01-02,AR,E0TThG2eZvlwKu738tvbSg,ledas07,YT_SEARCH,1
2014-01-02,AR,E0TThG2eZvlwKu738tvbSg,ledas07,RELATED_VIDEO,1
2014-01-02,PL,E0TThG2eZvlwKu738tvbSg,ledas07,NO_LINK_OTHER,1
2014-01-03,AR,E0TThG2eZvlwKu738tvbSg,ledas07,YT_SEARCH,1
2014-01-04,CO,E0TThG2eZvlwKu738tvbSg,ledas07,YT_SEARCH,1
2014-01-04,PE,E0TThG2eZvlwKu738tvbSg,ledas07,YT_SEARCH,1
2014-01-05,AR,E0TThG2eZvlwKu738tvbSg,ledas07,YT_SEARCH,2
2014-01-05,CO,E0TThG2eZvlwKu738tvbSg,ledas07,NO_LINK_OTHER,1
2014-01-05,MX,E0TThG2eZvlwKu738tvbSg,ledas07,NO_LINK_OTHER,1
2014-01-06,UY,E0TThG2eZvlwKu738tvbSg,ledas07,YT_SEARCH,1
2014-01-07,IT,E0TThG2eZvlwKu738tvbSg,ledas07,NO_LINK_OTHER,1
2014-01-08,MX,E0TThG2eZvlwKu738tvbSg,ledas07,YT_SEARCH,1
