Date,Region,Channel,Display name,Views,Unique users,Unique users (7 days),Unique users (30 days),Popularity,Comments,Favorites,Rating 1,Rating 2,Rating 3,Rating 4,Rating 5,Subscriptions,Unsubscriptions
2013-12-10,AR,E0TThG2eZvlwKu738tvbSg,ledas07,0,0,0,35,0,0,0,0,0,0,0,0,0,0
2013-12-10,BR,E0TThG2eZvlwKu738tvbSg,ledas07,0,0,0,2,0,0,0,0,0,0,0,0,0,0
2013-12-10,ES,E0TThG2eZvlwKu738tvbSg,ledas07,0,0,1,2,0,0,0,0,0,0,0,0,0,0
2013-12-10,FR,E0TThG2eZvlwKu738tvbSg,ledas07,0,0,1,2,0,0,0,0,0,0,0,0,0,0
2013-12-10,GF,E0TThG2eZvlwKu738tvbSg,ledas07,0,0,0,1,0,0,0,0,0,0,0,0,0,0
2013-12-10,IT,E0TThG2eZvlwKu738tvbSg,ledas07,0,0,0,3,0,0,0,0,0,0,0,0,0,0
2013-12-10,MX,E0TThG2eZvlwKu738tvbSg,ledas07,0,0,0,2,0,0,0,0,0,0,0,0,0,0
2013-12-11,AR,E0TThG2eZvlwKu738tvbSg,ledas07,0,0,0,34,0,0,0,0,0,0,0,0,0,0
2013-12-11,BR,E0TThG2eZvlwKu738tvbSg,ledas07,0,0,0,2,0,0,0,0,0,0,0,0,0,0
2013-12-11,ES,E0TThG2eZvlwKu738tvbSg,ledas07,0,0,0,2,0,0,0,0,0,0,0,0,0,0
2013-12-11,FR,E0TThG2eZvlwKu738tvbSg,ledas07,0,0,1,2,0,0,0,0,0,0,0,0,0,0
2013-12-11,GF,E0TThG2eZvlwKu738tvbSg,ledas07,0,0,0,1,0,0,0,0,0,0,0,0,0,0
2013-12-11,IT,E0TThG2eZvlwKu738tvbSg,ledas07,0,0,0,3,0,0,0,0,0,0,0,0,0,0
2013-12-11,MX,E0TThG2eZvlwKu738tvbSg,ledas07,0,0,0,1,0,0,0,0,0,0,0,0,0,0
2013-12-12,AR,E0TThG2eZvlwKu738tvbSg,ledas07,2,2,2,34,0,0,0,0,0,0,0,0,0,0
2013-12-12,BR,E0TThG2eZvlwKu738tvbSg,ledas07,0,0,0,2,0,0,0,0,0,0,0,0,0,0
2013-12-12,ES,E0TThG2eZvlwKu738tvbSg,ledas07,0,0,0,2,0,0,0,0,0,0,0,0,0,0
2013-12-12,FR,E0TThG2eZvlwKu738tvbSg,ledas07,0,0,1,2,0,0,0,0,0,0,0,0,0,0
2013-12-12,GF,E0TThG2eZvlwKu738tvbSg,ledas07,0,0,0,1,0,0,0,0,0,0,0,0,0,0
2013-12-12,IT,E0TThG2eZvlwKu738tvbSg,ledas07,0,0,0,3,0,0,0,0,0,0,0,0,0,0
2013-12-12,MX,E0TThG2eZvlwKu738tvbSg,ledas07,0,0,0,1,0,0,0,0,0,0,0,0,0,0
2013-12-13,AR,E0TThG2eZvlwKu738tvbSg,ledas07,0,0,2,32,0,0,0,0,0,0,0,0,0,0
2013-12-13,BR,E0TThG2eZvlwKu738tvbSg,ledas07,0,0,0,2,0,0,0,0,0,0,0,0,0,0
2013-12-13,ES,E0TThG2eZvlwKu738tvbSg,ledas07,0,0,0,2,0,0,0,0,0,0,0,0,0,0
2013-12-13,FR,E0TThG2eZvlwKu738tvbSg,ledas07,1,0,1,2,0,0,0,0,0,0,0,0,0,0
2013-12-13,GF,E0TThG2eZvlwKu738tvbSg,ledas07,0,0,0,1,0,0,0,0,0,0,0,0,0,0
2013-12-13,IT,E0TThG2eZvlwKu738tvbSg,ledas07,0,0,0,3,0,0,0,0,0,0,0,0,0,0
2013-12-13,MX,E0TThG2eZvlwKu738tvbSg,ledas07,0,0,0,1,0,0,0,0,0,0,0,0,0,0
2013-12-14,AR,E0TThG2eZvlwKu738tvbSg,ledas07,0,0,2,28,0,0,0,0,0,0,0,0,0,0
2013-12-14,BR,E0TThG2eZvlwKu738tvbSg,ledas07,0,0,0,2,0,0,0,0,0,0,0,0,0,0
2013-12-14,ES,E0TThG2eZvlwKu738tvbSg,ledas07,0,0,0,2,0,0,0,0,0,0,0,0,0,0
2013-12-14,FR,E0TThG2eZvlwKu738tvbSg,ledas07,0,0,0,2,0,0,0,0,0,0,0,0,0,0
2013-12-14,GF,E0TThG2eZvlwKu738tvbSg,ledas07,0,0,0,1,0,0,0,0,0,0,0,0,0,0
2013-12-14,IT,E0TThG2eZvlwKu738tvbSg,ledas07,0,0,0,3,0,0,0,0,0,0,0,0,0,0
2013-12-14,MX,E0TThG2eZvlwKu738tvbSg,ledas07,1,1,1,2,0,0,0,0,0,0,0,0,0,0
2013-12-15,AR,E0TThG2eZvlwKu738tvbSg,ledas07,1,1,3,27,0,0,0,0,0,0,0,0,0,0
2013-12-15,BR,E0TThG2eZvlwKu738tvbSg,ledas07,0,0,0,2,0,0,0,0,0,0,0,0,0,0
2013-12-15,ES,E0TThG2eZvlwKu738tvbSg,ledas07,0,0,0,2,0,0,0,0,0,0,0,0,0,0
2013-12-15,FR,E0TThG2eZvlwKu738tvbSg,ledas07,2,1,1,3,0,0,0,0,0,0,0,0,0,0
2013-12-15,GF,E0TThG2eZvlwKu738tvbSg,ledas07,0,0,0,1,0,0,0,0,0,0,0,0,0,0
2013-12-15,IT,E0TThG2eZvlwKu738tvbSg,ledas07,0,0,0,2,0,0,0,0,0,0,0,0,0,0
2013-12-15,MX,E0TThG2eZvlwKu738tvbSg,ledas07,1,0,1,2,0,0,0,0,0,0,0,0,0,0
2013-12-16,AR,E0TThG2eZvlwKu738tvbSg,ledas07,0,0,3,27,0,0,0,0,0,0,0,0,0,0
2013-12-16,BR,E0TThG2eZvlwKu738tvbSg,ledas07,0,0,0,2,0,0,0,0,0,0,0,0,0,0
2013-12-16,ES,E0TThG2eZvlwKu738tvbSg,ledas07,0,0,0,2,0,0,0,0,0,0,0,0,0,0
2013-12-16,FR,E0TThG2eZvlwKu738tvbSg,ledas07,0,0,1,3,0,0,0,0,0,0,0,0,0,0
2013-12-16,GF,E0TThG2eZvlwKu738tvbSg,ledas07,0,0,0,1,0,0,0,0,0,0,0,0,0,0
2013-12-16,IT,E0TThG2eZvlwKu738tvbSg,ledas07,0,0,0,2,0,0,0,0,0,0,0,0,0,0
2013-12-16,MX,E0TThG2eZvlwKu738tvbSg,ledas07,0,0,1,2,0,0,0,0,0,0,0,0,0,0
2013-12-16,PE,E0TThG2eZvlwKu738tvbSg,ledas07,1,1,1,1,0,0,0,0,0,0,0,0,0,0
2013-12-17,AR,E0TThG2eZvlwKu738tvbSg,ledas07,1,1,4,26,0,0,0,0,0,0,0,0,0,0
2013-12-17,BR,E0TThG2eZvlwKu738tvbSg,ledas07,0,0,0,2,0,0,0,0,0,0,0,0,0,0
2013-12-17,ES,E0TThG2eZvlwKu738tvbSg,ledas07,0,0,0,2,0,0,0,0,0,0,0,0,0,0
2013-12-17,FR,E0TThG2eZvlwKu738tvbSg,ledas07,0,0,1,3,0,0,0,0,0,0,0,0,0,0
2013-12-17,GF,E0TThG2eZvlwKu738tvbSg,ledas07,0,0,0,1,0,0,0,0,0,0,0,0,0,0
2013-12-17,IT,E0TThG2eZvlwKu738tvbSg,ledas07,0,0,0,2,0,0,0,0,0,0,0,0,0,0
2013-12-17,MX,E0TThG2eZvlwKu738tvbSg,ledas07,0,0,1,2,0,0,0,0,0,0,0,0,0,0
2013-12-17,PE,E0TThG2eZvlwKu738tvbSg,ledas07,0,0,1,1,0,0,0,0,0,0,0,0,0,0
2013-12-18,AR,E0TThG2eZvlwKu738tvbSg,ledas07,0,0,4,25,0,0,0,0,0,0,0,0,0,0
2013-12-18,BR,E0TThG2eZvlwKu738tvbSg,ledas07,0,0,0,1,0,0,0,0,0,0,0,0,0,0
2013-12-18,ES,E0TThG2eZvlwKu738tvbSg,ledas07,1,1,1,3,0,0,0,0,0,0,0,0,0,0
2013-12-18,FR,E0TThG2eZvlwKu738tvbSg,ledas07,0,0,1,3,0,0,0,0,0,0,0,0,0,0
2013-12-18,GF,E0TThG2eZvlwKu738tvbSg,ledas07,0,0,0,1,0,0,0,0,0,0,0,0,0,0
2013-12-18,IT,E0TThG2eZvlwKu738tvbSg,ledas07,0,0,0,2,0,0,0,0,0,0,0,0,0,0
2013-12-18,MX,E0TThG2eZvlwKu738tvbSg,ledas07,0,0,1,1,0,0,0,0,0,0,0,0,0,0
2013-12-18,PE,E0TThG2eZvlwKu738tvbSg,ledas07,0,0,1,1,0,0,0,0,0,0,0,0,0,0
2013-12-19,AR,E0TThG2eZvlwKu738tvbSg,ledas07,0,0,2,25,0,0,0,0,0,0,0,0,0,0
2013-12-19,BR,E0TThG2eZvlwKu738tvbSg,ledas07,0,0,0,1,0,0,0,0,0,0,0,0,0,0
2013-12-19,ES,E0TThG2eZvlwKu738tvbSg,ledas07,0,0,1,3,0,0,0,0,0,0,0,0,0,0
2013-12-19,FR,E0TThG2eZvlwKu738tvbSg,ledas07,0,0,1,2,0,0,0,0,0,0,0,0,0,0
2013-12-19,GF,E0TThG2eZvlwKu738tvbSg,ledas07,0,0,0,1,0,0,0,0,0,0,0,0,0,0
2013-12-19,IT,E0TThG2eZvlwKu738tvbSg,ledas07,0,0,0,2,0,0,0,0,0,0,0,0,0,0
2013-12-19,MX,E0TThG2eZvlwKu738tvbSg,ledas07,0,0,1,1,0,0,0,0,0,0,0,0,0,0
2013-12-19,PE,E0TThG2eZvlwKu738tvbSg,ledas07,0,0,1,1,0,0,0,0,0,0,0,0,0,0
2013-12-20,AR,E0TThG2eZvlwKu738tvbSg,ledas07,0,0,2,22,0,0,0,0,0,0,0,0,0,0
2013-12-20,BR,E0TThG2eZvlwKu738tvbSg,ledas07,0,0,0,1,0,0,0,0,0,0,0,0,0,0
2013-12-20,ES,E0TThG2eZvlwKu738tvbSg,ledas07,0,0,1,3,0,0,0,0,0,0,0,0,0,0
2013-12-20,FR,E0TThG2eZvlwKu738tvbSg,ledas07,0,0,1,2,0,0,0,0,0,0,0,0,0,0
2013-12-20,GF,E0TThG2eZvlwKu738tvbSg,ledas07,0,0,0,1,0,0,0,0,0,0,0,0,0,0
2013-12-20,IT,E0TThG2eZvlwKu738tvbSg,ledas07,0,0,0,2,0,0,0,0,0,0,0,0,0,0
2013-12-20,MX,E0TThG2eZvlwKu738tvbSg,ledas07,0,0,1,1,0,0,0,0,0,0,0,0,0,0
2013-12-20,PE,E0TThG2eZvlwKu738tvbSg,ledas07,0,0,1,1,0,0,0,0,0,0,0,0,0,0
2013-12-21,AR,E0TThG2eZvlwKu738tvbSg,ledas07,0,0,2,22,0,0,0,0,0,0,0,0,0,0
2013-12-21,BR,E0TThG2eZvlwKu738tvbSg,ledas07,0,0,0,1,0,0,0,0,0,0,0,0,0,0
2013-12-21,ES,E0TThG2eZvlwKu738tvbSg,ledas07,0,0,1,3,0,0,0,0,0,0,0,0,0,0
2013-12-21,FR,E0TThG2eZvlwKu738tvbSg,ledas07,0,0,1,2,0,0,0,0,0,0,0,0,0,0
2013-12-21,GF,E0TThG2eZvlwKu738tvbSg,ledas07,0,0,0,1,0,0,0,0,0,0,0,0,0,0
2013-12-21,IT,E0TThG2eZvlwKu738tvbSg,ledas07,0,0,0,1,0,0,0,0,0,0,0,0,0,0
2013-12-21,MX,E0TThG2eZvlwKu738tvbSg,ledas07,0,0,0,1,0,0,0,0,0,0,0,0,0,0
2013-12-21,PE,E0TThG2eZvlwKu738tvbSg,ledas07,0,0,1,1,0,0,0,0,0,0,0,0,0,0
2013-12-22,AR,E0TThG2eZvlwKu738tvbSg,ledas07,0,0,1,21,0,0,0,0,0,0,0,0,0,0
2013-12-22,BR,E0TThG2eZvlwKu738tvbSg,ledas07,0,0,0,1,0,0,0,0,0,0,0,0,0,0
2013-12-22,ES,E0TThG2eZvlwKu738tvbSg,ledas07,0,0,1,3,0,0,0,0,0,0,0,0,0,0
2013-12-22,FR,E0TThG2eZvlwKu738tvbSg,ledas07,0,0,0,2,0,0,0,0,0,0,0,0,0,0
2013-12-22,GF,E0TThG2eZvlwKu738tvbSg,ledas07,0,0,0,1,0,0,0,0,0,0,0,0,0,0
2013-12-22,IT,E0TThG2eZvlwKu738tvbSg,ledas07,0,0,0,1,0,0,0,0,0,0,0,0,0,0
2013-12-22,MX,E0TThG2eZvlwKu738tvbSg,ledas07,0,0,0,1,0,0,0,0,0,0,0,0,0,0
2013-12-22,PE,E0TThG2eZvlwKu738tvbSg,ledas07,0,0,1,1,0,0,0,0,0,0,0,0,0,0
2013-12-23,AR,E0TThG2eZvlwKu738tvbSg,ledas07,0,0,1,18,0,0,0,0,0,0,0,0,0,0
2013-12-23,BR,E0TThG2eZvlwKu738tvbSg,ledas07,0,0,0,1,0,0,0,0,0,0,0,0,0,0
2013-12-23,ES,E0TThG2eZvlwKu738tvbSg,ledas07,0,0,1,3,0,0,0,0,0,0,0,0,0,0
2013-12-23,FR,E0TThG2eZvlwKu738tvbSg,ledas07,0,0,0,2,0,0,0,0,0,0,0,0,0,0
2013-12-23,GF,E0TThG2eZvlwKu738tvbSg,ledas07,0,0,0,1,0,0,0,0,0,0,0,0,0,0
2013-12-23,IT,E0TThG2eZvlwKu738tvbSg,ledas07,0,0,0,1,0,0,0,0,0,0,0,0,0,0
2013-12-23,MX,E0TThG2eZvlwKu738tvbSg,ledas07,0,0,0,1,0,0,0,0,0,0,0,0,0,0
2013-12-23,PE,E0TThG2eZvlwKu738tvbSg,ledas07,0,0,0,1,0,0,0,0,0,0,0,0,0,0
2013-12-24,AR,E0TThG2eZvlwKu738tvbSg,ledas07,1,1,1,16,0,0,0,0,0,0,0,0,0,0
2013-12-24,BR,E0TThG2eZvlwKu738tvbSg,ledas07,0,0,0,1,0,0,0,0,0,0,0,0,0,0
2013-12-24,ES,E0TThG2eZvlwKu738tvbSg,ledas07,0,0,1,3,0,0,0,0,0,0,0,0,0,0
2013-12-24,FR,E0TThG2eZvlwKu738tvbSg,ledas07,0,0,0,2,0,0,0,0,0,0,0,0,0,0
2013-12-24,GF,E0TThG2eZvlwKu738tvbSg,ledas07,0,0,0,1,0,0,0,0,0,0,0,0,0,0
2013-12-24,IT,E0TThG2eZvlwKu738tvbSg,ledas07,0,0,0,1,0,0,0,0,0,0,0,0,0,0
2013-12-24,MX,E0TThG2eZvlwKu738tvbSg,ledas07,0,0,0,1,0,0,0,0,0,0,0,0,0,0
2013-12-24,PE,E0TThG2eZvlwKu738tvbSg,ledas07,0,0,0,1,0,0,0,0,0,0,0,0,0,0
2013-12-25,AR,E0TThG2eZvlwKu738tvbSg,ledas07,0,0,1,13,0,0,0,0,0,0,0,0,0,0
2013-12-25,BR,E0TThG2eZvlwKu738tvbSg,ledas07,0,0,0,1,0,0,0,0,0,0,0,0,0,0
2013-12-25,ES,E0TThG2eZvlwKu738tvbSg,ledas07,0,0,0,3,0,0,0,0,0,0,0,0,0,0
2013-12-25,FR,E0TThG2eZvlwKu738tvbSg,ledas07,0,0,0,2,0,0,0,0,0,0,0,0,0,0
2013-12-25,GF,E0TThG2eZvlwKu738tvbSg,ledas07,0,0,0,1,0,0,0,0,0,0,0,0,0,0
2013-12-25,IT,E0TThG2eZvlwKu738tvbSg,ledas07,0,0,0,1,0,0,0,0,0,0,0,0,0,0
2013-12-25,MX,E0TThG2eZvlwKu738tvbSg,ledas07,0,0,0,1,0,0,0,0,0,0,0,0,0,0
2013-12-25,PE,E0TThG2eZvlwKu738tvbSg,ledas07,0,0,0,1,0,0,0,0,0,0,0,0,0,0
2013-12-26,AR,E0TThG2eZvlwKu738tvbSg,ledas07,1,0,1,10,0,0,0,0,0,0,0,0,0,0
2013-12-26,BR,E0TThG2eZvlwKu738tvbSg,ledas07,0,0,0,1,0,0,0,0,0,0,0,0,0,0
2013-12-26,ES,E0TThG2eZvlwKu738tvbSg,ledas07,0,0,0,3,0,0,0,0,0,0,0,0,0,0
2013-12-26,FR,E0TThG2eZvlwKu738tvbSg,ledas07,0,0,0,2,0,0,0,0,0,0,0,0,0,0
2013-12-26,GF,E0TThG2eZvlwKu738tvbSg,ledas07,0,0,0,1,0,0,0,0,0,0,0,0,0,0
2013-12-26,IT,E0TThG2eZvlwKu738tvbSg,ledas07,0,0,0,1,0,0,0,0,0,0,0,0,0,0
2013-12-26,MX,E0TThG2eZvlwKu738tvbSg,ledas07,0,0,0,1,0,0,0,0,0,0,0,0,0,0
2013-12-26,PE,E0TThG2eZvlwKu738tvbSg,ledas07,0,0,0,1,0,0,0,0,0,0,0,0,0,0
2013-12-27,AR,E0TThG2eZvlwKu738tvbSg,ledas07,0,0,1,10,0,0,0,0,0,0,0,0,0,0
2013-12-27,BR,E0TThG2eZvlwKu738tvbSg,ledas07,0,0,0,1,0,0,0,0,0,0,0,0,0,0
2013-12-27,ES,E0TThG2eZvlwKu738tvbSg,ledas07,0,0,0,3,0,0,0,0,0,0,0,0,0,0
2013-12-27,FR,E0TThG2eZvlwKu738tvbSg,ledas07,0,0,0,2,0,0,0,0,0,0,0,0,0,0
2013-12-27,GF,E0TThG2eZvlwKu738tvbSg,ledas07,0,0,0,1,0,0,0,0,0,0,0,0,0,0
2013-12-27,IT,E0TThG2eZvlwKu738tvbSg,ledas07,0,0,0,1,0,0,0,0,0,0,0,0,0,0
2013-12-27,MX,E0TThG2eZvlwKu738tvbSg,ledas07,0,0,0,1,0,0,0,0,0,0,0,0,0,0
2013-12-27,PE,E0TThG2eZvlwKu738tvbSg,ledas07,0,0,0,1,0,0,0,0,0,0,0,0,0,0
2013-12-28,AR,E0TThG2eZvlwKu738tvbSg,ledas07,0,0,1,10,0,0,0,0,0,0,0,0,0,0
2013-12-28,BR,E0TThG2eZvlwKu738tvbSg,ledas07,0,0,0,1,0,0,0,0,0,0,0,0,0,0
2013-12-28,ES,E0TThG2eZvlwKu738tvbSg,ledas07,0,0,0,3,0,0,0,0,0,0,0,0,0,0
2013-12-28,FR,E0TThG2eZvlwKu738tvbSg,ledas07,0,0,0,2,0,0,0,0,0,0,0,0,0,0
2013-12-28,GF,E0TThG2eZvlwKu738tvbSg,ledas07,0,0,0,1,0,0,0,0,0,0,0,0,0,0
2013-12-28,IT,E0TThG2eZvlwKu738tvbSg,ledas07,0,0,0,1,0,0,0,0,0,0,0,0,0,0
2013-12-28,MX,E0TThG2eZvlwKu738tvbSg,ledas07,0,0,0,1,0,0,0,0,0,0,0,0,0,0
2013-12-28,PE,E0TThG2eZvlwKu738tvbSg,ledas07,0,0,0,1,0,0,0,0,0,0,0,0,0,0
2013-12-29,AR,E0TThG2eZvlwKu738tvbSg,ledas07,0,0,1,8,0,0,0,0,0,0,0,0,0,0
2013-12-29,BR,E0TThG2eZvlwKu738tvbSg,ledas07,0,0,0,1,0,0,0,0,0,0,0,0,0,0
2013-12-29,ES,E0TThG2eZvlwKu738tvbSg,ledas07,0,0,0,3,0,0,0,0,0,0,0,0,0,0
2013-12-29,FR,E0TThG2eZvlwKu738tvbSg,ledas07,0,0,0,2,0,0,0,0,0,0,0,0,0,0
2013-12-29,IT,E0TThG2eZvlwKu738tvbSg,ledas07,0,0,0,1,0,0,0,0,0,0,0,0,0,0
2013-12-29,MX,E0TThG2eZvlwKu738tvbSg,ledas07,0,0,0,1,0,0,0,0,0,0,0,0,0,0
2013-12-29,PE,E0TThG2eZvlwKu738tvbSg,ledas07,0,0,0,1,0,0,0,0,0,0,0,0,0,0
2013-12-30,AR,E0TThG2eZvlwKu738tvbSg,ledas07,0,0,1,7,0,0,0,0,0,0,0,0,0,0
2013-12-30,ES,E0TThG2eZvlwKu738tvbSg,ledas07,0,0,0,3,0,0,0,0,0,0,0,0,0,0
2013-12-30,FR,E0TThG2eZvlwKu738tvbSg,ledas07,0,0,0,2,0,0,0,0,0,0,0,0,0,0
2013-12-30,IT,E0TThG2eZvlwKu738tvbSg,ledas07,0,0,0,1,0,0,0,0,0,0,0,0,0,0
2013-12-30,MX,E0TThG2eZvlwKu738tvbSg,ledas07,0,0,0,1,0,0,0,0,0,0,0,0,0,0
2013-12-30,PE,E0TThG2eZvlwKu738tvbSg,ledas07,0,0,0,1,0,0,0,0,0,0,0,0,0,0
2013-12-31,AR,E0TThG2eZvlwKu738tvbSg,ledas07,0,0,0,7,0,0,0,0,0,0,0,0,0,0
2013-12-31,ES,E0TThG2eZvlwKu738tvbSg,ledas07,0,0,0,2,0,0,0,0,0,0,0,0,0,0
2013-12-31,FR,E0TThG2eZvlwKu738tvbSg,ledas07,0,0,0,2,0,0,0,0,0,0,0,0,0,0
2013-12-31,IT,E0TThG2eZvlwKu738tvbSg,ledas07,0,0,0,1,0,0,0,0,0,0,0,0,0,0
2013-12-31,MX,E0TThG2eZvlwKu738tvbSg,ledas07,0,0,0,1,0,0,0,0,0,0,0,0,0,0
2013-12-31,NL,E0TThG2eZvlwKu738tvbSg,ledas07,1,1,1,1,0,0,0,0,0,0,0,0,0,0
2013-12-31,PE,E0TThG2eZvlwKu738tvbSg,ledas07,0,0,0,1,0,0,0,0,0,0,0,0,0,0
2014-01-01,AR,E0TThG2eZvlwKu738tvbSg,ledas07,0,0,0,6,0,0,0,0,0,0,0,0,0,0
2014-01-01,ES,E0TThG2eZvlwKu738tvbSg,ledas07,0,0,0,2,0,0,0,0,0,0,0,0,0,0
2014-01-01,FR,E0TThG2eZvlwKu738tvbSg,ledas07,0,0,0,2,0,0,0,0,0,0,0,0,0,0
2014-01-01,MX,E0TThG2eZvlwKu738tvbSg,ledas07,0,0,0,1,0,0,0,0,0,0,0,0,0,0
2014-01-01,NL,E0TThG2eZvlwKu738tvbSg,ledas07,0,0,1,1,0,0,0,0,0,0,0,0,0,0
2014-01-01,PE,E0TThG2eZvlwKu738tvbSg,ledas07,0,0,0,1,0,0,0,0,0,0,0,0,0,0
2014-01-02,AR,E0TThG2eZvlwKu738tvbSg,ledas07,2,1,1,6,0,0,0,0,0,0,0,0,0,0
2014-01-02,ES,E0TThG2eZvlwKu738tvbSg,ledas07,0,0,0,2,0,0,0,0,0,0,0,0,0,0
2014-01-02,FR,E0TThG2eZvlwKu738tvbSg,ledas07,0,0,0,2,0,0,0,0,0,0,0,0,0,0
2014-01-02,MX,E0TThG2eZvlwKu738tvbSg,ledas07,0,0,0,1,0,0,0,0,0,0,0,0,0,0
2014-01-02,NL,E0TThG2eZvlwKu738tvbSg,ledas07,0,0,1,1,0,0,0,0,0,0,0,0,0,0
2014-01-02,PE,E0TThG2eZvlwKu738tvbSg,ledas07,0,0,0,1,0,0,0,0,0,0,0,0,0,0
2014-01-02,PL,E0TThG2eZvlwKu738tvbSg,ledas07,1,1,1,1,0,0,0,0,0,0,0,0,0,0
2014-01-03,AR,E0TThG2eZvlwKu738tvbSg,ledas07,1,1,2,7,0,0,0,0,0,0,0,0,0,0
2014-01-03,ES,E0TThG2eZvlwKu738tvbSg,ledas07,0,0,0,1,0,0,0,0,0,0,0,0,0,0
2014-01-03,FR,E0TThG2eZvlwKu738tvbSg,ledas07,0,0,0,2,0,0,0,0,0,0,0,0,0,0
2014-01-03,MX,E0TThG2eZvlwKu738tvbSg,ledas07,0,0,0,1,0,0,0,0,0,0,0,0,0,0
2014-01-03,NL,E0TThG2eZvlwKu738tvbSg,ledas07,0,0,1,1,0,0,0,0,0,0,0,0,0,0
2014-01-03,PE,E0TThG2eZvlwKu738tvbSg,ledas07,0,0,0,1,0,0,0,0,0,0,0,0,0,0
2014-01-03,PL,E0TThG2eZvlwKu738tvbSg,ledas07,0,0,1,1,0,0,0,0,0,0,0,0,0,0
2014-01-04,AR,E0TThG2eZvlwKu738tvbSg,ledas07,0,0,2,7,0,0,0,0,0,0,0,0,0,0
2014-01-04,CO,E0TThG2eZvlwKu738tvbSg,ledas07,1,1,1,1,0,0,0,0,0,0,0,0,0,0
2014-01-04,ES,E0TThG2eZvlwKu738tvbSg,ledas07,0,0,0,1,0,0,0,0,0,0,0,0,0,0
2014-01-04,FR,E0TThG2eZvlwKu738tvbSg,ledas07,0,0,0,2,0,0,0,0,0,0,0,0,0,0
2014-01-04,MX,E0TThG2eZvlwKu738tvbSg,ledas07,0,0,0,1,0,0,0,0,0,0,0,0,0,0
2014-01-04,NL,E0TThG2eZvlwKu738tvbSg,ledas07,0,0,1,1,0,0,0,0,0,0,0,0,0,0
2014-01-04,PE,E0TThG2eZvlwKu738tvbSg,ledas07,1,1,1,2,0,0,0,0,0,0,0,0,0,0
2014-01-04,PL,E0TThG2eZvlwKu738tvbSg,ledas07,0,0,1,1,0,0,0,0,0,0,0,0,0,0
2014-01-05,AR,E0TThG2eZvlwKu738tvbSg,ledas07,2,2,4,9,0,0,0,0,0,0,0,0,0,0
2014-01-05,CO,E0TThG2eZvlwKu738tvbSg,ledas07,1,0,1,1,0,0,0,0,0,0,0,0,0,0
2014-01-05,ES,E0TThG2eZvlwKu738tvbSg,ledas07,0,0,0,1,0,0,0,0,0,0,0,0,0,0
2014-01-05,FR,E0TThG2eZvlwKu738tvbSg,ledas07,0,0,0,2,0,0,0,0,0,0,0,0,0,0
2014-01-05,MX,E0TThG2eZvlwKu738tvbSg,ledas07,1,0,0,1,0,0,0,0,0,0,0,0,0,0
2014-01-05,NL,E0TThG2eZvlwKu738tvbSg,ledas07,0,0,1,1,0,0,0,0,0,0,0,0,0,0
2014-01-05,PE,E0TThG2eZvlwKu738tvbSg,ledas07,0,0,1,2,0,0,0,0,0,0,0,0,0,0
2014-01-05,PL,E0TThG2eZvlwKu738tvbSg,ledas07,0,0,1,1,0,0,0,0,0,0,0,0,0,0
2014-01-06,AR,E0TThG2eZvlwKu738tvbSg,ledas07,0,0,4,9,0,0,0,0,0,0,0,0,0,0
2014-01-06,CO,E0TThG2eZvlwKu738tvbSg,ledas07,0,0,1,1,0,0,0,0,0,0,0,0,0,0
2014-01-06,ES,E0TThG2eZvlwKu738tvbSg,ledas07,0,0,0,1,0,0,0,0,0,0,0,0,0,0
2014-01-06,FR,E0TThG2eZvlwKu738tvbSg,ledas07,0,0,0,1,0,0,0,0,0,0,0,0,0,0
2014-01-06,MX,E0TThG2eZvlwKu738tvbSg,ledas07,0,0,0,1,0,0,0,0,0,0,0,0,0,0
2014-01-06,NL,E0TThG2eZvlwKu738tvbSg,ledas07,0,0,1,1,0,0,0,0,0,0,0,0,0,0
2014-01-06,PE,E0TThG2eZvlwKu738tvbSg,ledas07,0,0,1,2,0,0,0,0,0,0,0,0,0,0
2014-01-06,PL,E0TThG2eZvlwKu738tvbSg,ledas07,0,0,1,1,0,0,0,0,0,0,0,0,0,0
2014-01-06,UY,E0TThG2eZvlwKu738tvbSg,ledas07,1,1,1,1,0,0,0,0,0,0,0,0,0,0
2014-01-07,AR,E0TThG2eZvlwKu738tvbSg,ledas07,0,0,4,9,0,0,0,0,0,0,0,0,0,0
2014-01-07,CO,E0TThG2eZvlwKu738tvbSg,ledas07,0,0,1,1,0,0,0,0,0,0,0,0,0,0
2014-01-07,ES,E0TThG2eZvlwKu738tvbSg,ledas07,0,0,0,1,0,0,0,0,0,0,0,0,0,0
2014-01-07,FR,E0TThG2eZvlwKu738tvbSg,ledas07,0,0,0,1,0,0,0,0,0,0,0,0,0,0
2014-01-07,IT,E0TThG2eZvlwKu738tvbSg,ledas07,1,0,0,0,0,0,0,0,0,0,0,0,0,0
2014-01-07,MX,E0TThG2eZvlwKu738tvbSg,ledas07,0,0,0,1,0,0,0,0,0,0,0,0,0,0
2014-01-07,NL,E0TThG2eZvlwKu738tvbSg,ledas07,0,0,0,1,0,0,0,0,0,0,0,0,0,0
2014-01-07,PE,E0TThG2eZvlwKu738tvbSg,ledas07,0,0,1,2,0,0,0,0,0,0,0,0,0,0
2014-01-07,PL,E0TThG2eZvlwKu738tvbSg,ledas07,0,0,1,1,0,0,0,0,0,0,0,0,0,0
2014-01-07,UY,E0TThG2eZvlwKu738tvbSg,ledas07,0,0,1,1,0,0,0,0,0,0,0,0,0,0
2014-01-08,AR,E0TThG2eZvlwKu738tvbSg,ledas07,0,0,4,9,0,0,0,0,0,0,0,0,0,0
2014-01-08,CO,E0TThG2eZvlwKu738tvbSg,ledas07,0,0,1,1,0,0,0,0,0,0,0,0,0,0
2014-01-08,ES,E0TThG2eZvlwKu738tvbSg,ledas07,0,0,0,1,0,0,0,0,0,0,0,0,0,0
2014-01-08,FR,E0TThG2eZvlwKu738tvbSg,ledas07,0,0,0,1,0,0,0,0,0,0,0,0,0,0
2014-01-08,MX,E0TThG2eZvlwKu738tvbSg,ledas07,1,1,1,2,0,0,0,0,0,0,0,0,0,0
2014-01-08,NL,E0TThG2eZvlwKu738tvbSg,ledas07,0,0,0,1,0,0,0,0,0,0,0,0,0,0
2014-01-08,PE,E0TThG2eZvlwKu738tvbSg,ledas07,0,0,1,2,0,0,0,0,0,0,0,0,0,0
2014-01-08,PL,E0TThG2eZvlwKu738tvbSg,ledas07,0,0,1,1,0,0,0,0,0,0,0,0,0,0
2014-01-08,UY,E0TThG2eZvlwKu738tvbSg,ledas07,0,0,1,1,0,0,0,0,0,0,0,0,0,0
